{"cameraMode":{"drawMode":0,"name":"Shaded","section":"Shading Mode"},"sceneLighting":false,"audioPlay":false,"sceneViewState":{"m_AlwaysRefresh":false,"showFog":false,"showSkybox":true,"showFlares":true,"showImageEffects":true,"showParticleSystems":true,"showVisualEffectGraphs":true,"m_FxEnabled":true},"in2DMode":false,"pivot":{"x":-5.309070587158203,"y":0.17661619186401368,"z":7.132819175720215},"rotation":{"x":0.18560586869716645,"y":-0.4357953369617462,"z":0.09232480823993683,"w":0.8758705258369446},"size":11.250605583190918,"orthographic":false}